lag_month,correlation
0,0.12652487661071685
1,0.05639157089761535
2,-0.01698093966358629
3,-0.08857591397003356
4,-0.15248174958430413
